name,prompt,negative_prompt
None,,
variation1,"3girls, {nude|bra|}, {on bed|onsen|slave, chained,chain, slave tattoo},  {school uniform|maid}, {pointy ears|animal ears, tail|pointy ears}, choker, a group of girls next to each other and looks at viewer","bad hands, text, missing fingers, extra digit, fewer digits, cropped, worst quality, low quality, jpeg artifacts, signature, watermark, username, blurry, artist name, extra fingers, poorly drawn hands, poorly drawn face, mutation, deformed, bad anatomy, bad proportions, extra limbs, glitchy, extra hands, mangled fingers, deformed eyes, 3hands, half-turn pose, game, strategy, 3D, lying, big breast, big tits, fat"
variation2,"2girls, {nude|bra|}, {on bed|onsen|slave, chained,chain, slave tattoo}, {smile|ahegao|lewd|shy} {school uniform|maid}, {pointy ears|animal ears|pointy ears}, choker, a group of girls next to each other and looks at viewer","bad hands, text, missing fingers, extra digit, fewer digits, cropped, worst quality, low quality, jpeg artifacts, signature, watermark, username, blurry, artist name, extra fingers, poorly drawn hands, poorly drawn face, mutation, deformed, bad anatomy, bad proportions, extra limbs, glitchy, extra hands, mangled fingers, deformed eyes, 3hands, half-turn pose, game, strategy, 3D, lying, big breast, big tits, fat"
variation3,"3girls, {nude|panty pull, no panties, pussy}, {on bed|onsen|slave, chained,chain, slave tattoo}, {smile|ahegao|lewd|shy} {school uniform|maid}, {pointy ears|animal ears|pointy ears}, choker, a group of girls next to each other and looks at viewer","bad hands, text, missing fingers, extra digit, fewer digits, cropped, worst quality, low quality, jpeg artifacts, signature, watermark, username, blurry, artist name, extra fingers, poorly drawn hands, poorly drawn face, mutation, deformed, bad anatomy, bad proportions, extra limbs, glitchy, extra hands, mangled fingers, deformed eyes, 3hands, half-turn pose, game, strategy, 3D, lying, big breast, big tits, fat"
variators_1,"4girls, {nude|panty pull, no panties, pussy|}, {maid|school uniform|tattoo}, {on bed|onsen|}, {smile|lewd|shy}, {hololive|arknights|azur lane|kantai collection|demon girls|genshin impact|fate \(series\)}, a group of {girls|lolis} {standing|on back|sitting} next to each other and looks at viewer","bad hands, text, missing fingers, extra digit, fewer digits, cropped, worst quality, low quality, jpeg artifacts, signature, watermark, username, blurry, artist name, extra fingers, poorly drawn hands, poorly drawn face, mutation, deformed, bad anatomy, bad proportions, extra limbs, glitchy, extra hands, mangled fingers, deformed eyes, 3hands, half-turn pose, game, strategy, 3D, lying, big breast, big tits, fat"
variators2,"4girls, {nude|panty pull, no panties, pussy|}, {maid|school uniform|tattoo}, {on bed|onsen|}, {smile|lewd|shy}, {hololive|arknights|azur lane|kantai collection|demon girls|genshin impact|fate \(series\)}, a group of {girls|lolis} {standing|lying|sitting} next to each other and looks at viewer","bad hands, text, missing fingers, extra digit, fewer digits, cropped, worst quality, low quality, jpeg artifacts, signature, watermark, username, blurry, artist name, extra fingers, poorly drawn hands, poorly drawn face, mutation, deformed, bad anatomy, bad proportions, extra limbs, glitchy, extra hands, mangled fingers, deformed eyes, 3hands, half-turn pose, game, strategy, 3D, lying, big breast, big tits, fat"
variators3,"4girls, {nude|panty pull, no panties, pussy|}, {maid|school uniform|tattoo, slave|}, {on bed|onsen|}, {smile|lewd|shy}, {demon girls|animal ears|pointy ears|}, a group of {girls|lolis} {standing|lying|sitting} next to each other and looks at viewer","bad hands, text, missing fingers, extra digit, fewer digits, cropped, worst quality, low quality, jpeg artifacts, signature, watermark, username, blurry, artist name, extra fingers, poorly drawn hands, poorly drawn face, mutation, deformed, bad anatomy, bad proportions, extra limbs, glitchy, extra hands, mangled fingers, deformed eyes, 3hands, half-turn pose, game, strategy, 3D, lying, big breast, big tits, fat"
variators4,"3girls, {nude|panty pull, no panties, pussy|}, {maid|school uniform|tattoo, slave|}, {on bed|onsen|}, {smile|smirk|shy|}, {demon girls|animal ears|pointy ears|}, a group of {girls|lolis} next to each other and looks at viewer, masterpiece, best quality, high quality","bad hands, text, missing fingers, extra digit, fewer digits, cropped, worst quality, low quality, jpeg artifacts, signature, watermark, username, blurry, artist name, extra fingers, poorly drawn hands, poorly drawn face, mutation, deformed, bad anatomy, bad proportions, extra limbs, glitchy, extra hands, mangled fingers, deformed eyes, 3hands, half-turn pose, game, strategy, 3D, lying, big breast, big tits, fat"
variators5_school_maid,"2girls, {nude|panty pull, no panties, pussy||}, {maid|school uniform}, {on bed|school|indoors|}, {smile|smirk|shy|}, {demon girls|pointy ears||}, a group of {girls|lolis} next to each other and looks at viewer, masterpiece, best quality, high quality","bad hands, text, missing fingers, extra digit, fewer digits, cropped, worst quality, low quality, jpeg artifacts, signature, watermark, username, blurry, artist name, extra fingers, poorly drawn hands, poorly drawn face, mutation, deformed, bad anatomy, bad proportions, extra limbs, glitchy, extra hands, mangled fingers, deformed eyes, 3hands, half-turn pose, game, strategy, 3D, lying, big breast, big tits, fat"
variators5_dress,"4girls, {nude|underwear|undressing|school uniform}, {on bed|school|indoors|}, {smile|smirk|shy|}, {demon girls|pointy ears||}, a group of {girls|lolis} next to each other and looks at viewer, masterpiece, best quality, high quality","bad hands, text, missing fingers, extra digit, fewer digits, cropped, worst quality, low quality, jpeg artifacts, signature, watermark, username, blurry, artist name, extra fingers, poorly drawn hands, poorly drawn face, mutation, deformed, bad anatomy, bad proportions, extra limbs, glitchy, extra hands, mangled fingers, deformed eyes, 3hands, half-turn pose, game, strategy, 3D, lying, big breast, big tits, fat"
variators4_fandoms,"3girls, {nude|panty pull, no panties, pussy|}, {maid|school uniform|tattoo, slave|}, {demon girls|animal ears|pointy ears|}, {hololive|arknights|azur lane|kantai collection|demon girls|genshin impact|fate \(series\)|touhou| princess connect!|re:zero kara hajimeru isekai seikatsu|idolmaster}, a group of {girls|lolis} standing next to each other and looks at viewer, skinny, narrow waist","bad hands, text, missing fingers, extra digit, fewer digits, cropped, worst quality, low quality, jpeg artifacts, signature, watermark, username, blurry, artist name, extra fingers, poorly drawn hands, poorly drawn face, mutation, deformed, bad anatomy, bad proportions, extra limbs, glitchy, extra hands, mangled fingers, deformed eyes, 3hands, half-turn pose, game, strategy, 3D, lying, big breast, big tits, fat"
variators5_fandoms,"{2girls|3girls|4girls}, {nude{,wet|,after_bath|}| panty pull, no_panties, pussy, {shirt{,after_bath|}|t-shirt {|,unbuttoned}}|prison cell,tattoo, slave, torn_clothes|}, {maid, {onsen|bed|} | school uniform{|,unbuttoned}, {onsen|school|street|}}, {hololive|arknights|azur lane|kantai collection|demon girls|animal ears|pointy ears|genshin impact|fate \(series\)|love live!|kaguya-sama wa kokurasetai ~tensai-tachi no renai zunousen~|sword art online|princess connect!|re:zero kara hajimeru isekai seikatsu|idolmaster|blue archive}, a group of {girls|lolis} standing next to each other and looks at viewer, skinny, narrow waist   ","bad hands, text, missing fingers, extra digit, fewer digits, cropped, worst quality, low quality, jpeg artifacts, signature, watermark, username, blurry, artist name, extra fingers, poorly drawn hands, poorly drawn face, mutation, deformed, bad anatomy, bad proportions, extra limbs, glitchy, extra hands, mangled fingers, deformed eyes, 3hands, half-turn pose, game, strategy, 3D, lying, big breast, big tits, fat"
variators5,"{2girls|3girls|4girls}, {lingerie|nude{,wet|,after_bath|}| panty pull, no_panties, pussy, {t-shirt{,after_bath|}|shirt {|,unbuttoned}}|}, {maid, {onsen|bed|} | school uniform{|,unbuttoned}, {onsen|school|street|prison cell,tattoo, slave, torn_clothes|}}, {elf, | demon, | animal ears, | vampire, | |  } a group of {girls|lolis} standing next to each other and looks at viewer, skinny, narrow waist","bad hands, text, missing fingers, extra digit, fewer digits, cropped, worst quality, low quality, jpeg artifacts, signature, watermark, username, blurry, artist name, extra fingers, poorly drawn hands, poorly drawn face, mutation, deformed, bad anatomy, bad proportions, extra limbs, glitchy, extra hands, mangled fingers, deformed eyes, 3hands, half-turn pose, game, strategy, 3D, lying, big breast, big tits, fat, bad hands, text, missing fingers, extra digit, fewer digits, cropped, worst quality, low quality, jpeg artifacts, signature, watermark, username, blurry, artist name, extra fingers, poorly drawn hands, poorly drawn face, mutation, deformed, bad anatomy, bad proportions, extra limbs, glitchy, extra hands, mangled fingers, deformed eyes, 3hands, half-turn pose, game, strategy, 3D, lying, huge breasts, fat"
variators_solo_white_bg,"solo, {{wet open clothes|,after_bath|}| panty pull, no_panties, pussy, {shirt{,after_bath|}|t-shirt {|,unbuttoned}}|prison cell,tattoo, slave, torn_clothes|}, {maid, {onsen|bed|} | school uniform{|,unbuttoned}, {hololive|arknights|azur lane|kantai collection|demon girls|animal ears|pointy ears|genshin impact|fate \(series\)|love live!|kaguya-sama wa kokurasetai ~tensai-tachi no renai zunousen~|sword art online|princess connect!|re:zero kara hajimeru isekai seikatsu|idolmaster|blue archive}, {girl|loli} standing and looks at viewer, skinny, narrow waist, white_background","bad hands, text, missing fingers, extra digit, fewer digits, cropped, worst quality, low quality, jpeg artifacts, signature, watermark, username, blurry, artist name, extra fingers, poorly drawn hands, poorly drawn face, mutation, deformed, bad anatomy, bad proportions, extra limbs, glitchy, extra hands, mangled fingers, deformed eyes, 3hands, half-turn pose, game, strategy, 3D, lying, big breast, big tits, fat"
variators_solo1,"white background, simple background, template, solo, {{wet open clothes|,after_bath|}|{shirt{,after_bath|}|t-shirt {|,unbuttoned}}|tattoo, torn_clothes|}, {maid | school uniform | zombie | magical girl | demon girl | monster | knight | ninja | soldier | spacesuit }, {girl|loli} standing and looks at viewer, {red eyes,|blue eyes,|green eyes,|pink eyes,|yellow eyes,|black eyes,|}, {red hair,|blue hair,|green hair,|pink eyes,|yellow hair,|black hair, white hair,  pink hair|},","bad hands, text, missing fingers, extra digit, fewer digits, cropped, worst quality, low quality, jpeg artifacts, signature, watermark, username, blurry, artist name, extra fingers, poorly drawn hands, poorly drawn face, mutation, deformed, bad anatomy, bad proportions, extra limbs, glitchy, extra hands, mangled fingers, deformed eyes, 3hands, half-turn pose, game, strategy, 3D, lying, big breast, big tits, fat"
variators_solo3,"solo, {2$$ tattoo | slave | maid | school uniform | office lady | zombie | magical girl | demon girl | monster | knight | ninja | soldier | cyborg |  spacesuit }, { holding weapon,| holding sword, | holding gun, | holding hammer, | holding rifle, | holding staff, | holding knife, | revolver, | handgun, | sniper rifle,  } {|red eyes,|blue eyes,|green eyes,|pink eyes,|yellow eyes,|black eyes,|} {red hair,|blue hair,|green hair,|pink hair,|yellow hair,|black hair,| white hair,|}, white background, simple background, template, {girl|loli} standing and looks at viewer","bad hands, text, missing fingers, extra digit, fewer digits, cropped, worst quality, low quality, jpeg artifacts, signature, watermark, username, blurry, artist name, extra fingers, poorly drawn hands, poorly drawn face, mutation, deformed, bad anatomy, bad proportions, extra limbs, glitchy, extra hands, mangled fingers, deformed eyes, 3hands, half-turn pose, game, strategy, 3D, lying, big breast, big tits, fat"
variators_solo4,"solo, {2$$ tattoo | slave | maid | school uniform | office lady | zombie | magical girl | demon girl | monster | knight | ninja | soldier | cyborg |  spacesuit }, { holding weapon,| holding sword, | holding hammer, | holding rifle, | holding staff, | holding knife, | revolver, | handgun, | sniper rifle, } { smile, | grin, | evil smile, | evil smile, | blush, | border,  | shaded face | } {|red eyes,|blue eyes,|green eyes,|pink eyes,|yellow eyes,|black eyes,|} {red hair,|blue hair,|green hair,|pink hair,|yellow hair,|black hair,| white hair,|}, white background, simple background, template, girl standing and looks at viewer","bad hands, text, missing fingers, extra digit, fewer digits, cropped, worst quality, low quality, jpeg artifacts, signature, watermark, username, blurry, artist name, extra fingers, poorly drawn hands, poorly drawn face, mutation, deformed, bad anatomy, bad proportions, extra limbs, glitchy, extra hands, mangled fingers, deformed eyes, 3hands, half-turn pose, game, strategy, 3D, lying, big breast, big tits, fat"
variators_solo6,"solo, full body, {2$$ tattoo, | warrior, | maid, | school uniform, | office lady, | fighter, | zombie, | vampire, | mage, | demon, | monster, | knight, | ninja, | soldier, | cyborg, |  spacesuit, } {|red eyes,|blue eyes,|green eyes,|pink eyes,|yellow eyes,|black eyes,|} {red hair,|blue hair,|green hair,|pink hair,|yellow hair,|black hair,| white hair,|}, white background, simple background, template, girl standing and looks at viewer","bad hands, text, missing fingers, extra digit, fewer digits, cropped, worst quality, low quality, jpeg artifacts, signature, watermark, username, blurry, artist name, extra fingers, poorly drawn hands, poorly drawn face, mutation, deformed, bad anatomy, bad proportions, extra limbs, glitchy, extra hands, mangled fingers, deformed eyes, 3hands, half-turn pose, game, strategy, 3D, lying, big breast, big tits, fat"
variators5_race,"{2girls|3girls|4girls}, {nude{,wet|,after_bath|}| panty pull, no_panties, pussy, {shirt{,after_bath|}|t-shirt {|,unbuttoned}}|}, {maid, {onsen|bed|} | school uniform{|,unbuttoned}, {onsen|school|street|prison cell,tattoo, slave, torn_clothes|}}, {elf, | demon, | animal ears, | vampire, | |  } a group of {girls|lolis} standing next to each other and looks at viewer, skinny, narrow waist","bad hands, text, missing fingers, extra digit, fewer digits, cropped, worst quality, low quality, jpeg artifacts, signature, watermark, username, blurry, artist name, extra fingers, poorly drawn hands, poorly drawn face, mutation, deformed, bad anatomy, bad proportions, extra limbs, glitchy, extra hands, mangled fingers, deformed eyes, 3hands, half-turn pose, game, strategy, 3D, lying, big breast, big tits, fat, bad hands, text, missing fingers, extra digit, fewer digits, cropped, worst quality, low quality, jpeg artifacts, signature, watermark, username, blurry, artist name, extra fingers, poorly drawn hands, poorly drawn face, mutation, deformed, bad anatomy, bad proportions, extra limbs, glitchy, extra hands, mangled fingers, deformed eyes, 3hands, half-turn pose, game, strategy, 3D, lying, big breast, big tits, fat"
avariators1,"{2girls|3girls|4girls},{nude,|no pants,|no shirt,| } {{onsen,|bed,|}|t-shirt,{after_bath,|}|shirt, {|unbuttoned,}| school uniform,{|unbuttoned,}|tattoo,| torn clothes,{wet|}|}, a group of girls standing next to each other and looks at viewer, {small breasts|medium breasts}","(worst quality, low quality:1.4), huge breasts, fat, large breasts"
